,baseMean,log2FoldChange,lfcSE,stat,pvalue,padj,mouse_gene_symbol,human_gene_symbol
ENSMUSG00000078612,69.26617192,-3.12133602,0.295959769,-10.54648757,5.27E-26,8.43E-22,Fyb2,FYB2
ENSMUSG00000026062,272.4992998,-1.885017071,0.190956673,-9.871438598,5.54E-23,4.43E-19,Slc9a2,SLC9A2
ENSMUSG00000025813,1655.675679,-1.170336791,0.120272319,-9.730724382,2.23E-22,1.19E-18,Homer2,HOMER2
ENSMUSG00000015568,1019.813993,-1.183940387,0.1226425,-9.65358977,4.75E-22,1.90E-18,Lpl,LPL
ENSMUSG00000026065,194.4483827,-2.598401963,0.272212399,-9.545494507,1.35E-21,4.33E-18,Slc9a4,SLC9A4
ENSMUSG00000002944,83.06913974,2.765459253,0.292218266,9.463676893,2.97E-21,7.92E-18,Cd36,CD36
ENSMUSG00000063531,1731.195813,-1.108007771,0.125990521,-8.794374041,1.44E-18,3.29E-15,Sema3e,SEMA3E
ENSMUSG00000103334,61.45853324,4.020762814,0.461949433,8.70390247,3.21E-18,6.41E-15,Gm29771,0
ENSMUSG00000036095,6724.134922,-0.643753045,0.074094568,-8.688262391,3.68E-18,6.54E-15,Dgkb,DGKB
ENSMUSG00000027971,467.8413849,-1.547119636,0.191080811,-8.096677137,5.65E-16,9.03E-13,Ndst4,NDST4
ENSMUSG00000046607,815.9580719,1.195250553,0.152304574,7.847765303,4.24E-15,6.16E-12,Hrk,HRK
ENSMUSG00000026616,46.73007094,5.401057193,0.694182156,7.780461001,7.23E-15,8.89E-12,Cr2,CR2
ENSMUSG00000037578,49.15359442,3.559798595,0.457329392,7.783883257,7.03E-15,8.89E-12,Pkd2l1,PKD2L1
ENSMUSG00000003657,394.2692795,2.49258347,0.32352274,7.704507794,1.31E-14,1.50E-11,Calb2,CALB2
ENSMUSG00000021676,2451.486705,-1.052947049,0.140387947,-7.500266728,6.37E-14,6.79E-11,Iqgap2,IQGAP2
ENSMUSG00000070866,998.163349,-0.555457743,0.077938744,-7.126850092,1.03E-12,1.03E-09,Zfp804a,ZNF804A
ENSMUSG00000040452,371.5531197,-0.983787177,0.140683486,-6.992911579,2.69E-12,2.53E-09,Cdh12,CDH12
ENSMUSG00000041225,1504.754461,-0.828766927,0.1200109,-6.905763758,4.99E-12,4.43E-09,Arhgap12,ARHGAP12
ENSMUSG00000044847,465.9332026,-0.89134624,0.130803398,-6.814396675,9.47E-12,7.96E-09,Lsm11,LSM11
ENSMUSG00000028931,2886.074595,-0.938109676,0.138301557,-6.783073877,1.18E-11,9.40E-09,Kcnab2,KCNAB2
ENSMUSG00000090125,329.8184081,-1.450992774,0.215941079,-6.719392064,1.82E-11,1.39E-08,Pou3f1,POU3F1
ENSMUSG00000036452,1541.649386,-0.623221281,0.093026661,-6.699383511,2.09E-11,1.52E-08,Arhgap26,ARHGAP26
ENSMUSG00000028033,2153.563457,-0.557658287,0.084078826,-6.632565065,3.30E-11,2.29E-08,Kcnq5,KCNQ5
ENSMUSG00000022594,1111.174134,-0.537886499,0.082281268,-6.537168296,6.27E-11,4.18E-08,Lynx1,LYNX1
ENSMUSG00000032925,300.9497647,1.206854053,0.18652207,6.470301622,9.78E-11,6.25E-08,Itgbl1,ITGBL1
ENSMUSG00000074934,123.5677394,-1.176219142,0.184619027,-6.371061329,1.88E-10,1.15E-07,Grem1,GREM1
ENSMUSG00000009075,526.0405613,-0.972827671,0.153234539,-6.348618788,2.17E-10,1.29E-07,Cabp7,CABP7
ENSMUSG00000045053,170.4311407,1.018969728,0.163027751,6.250283888,4.10E-10,2.34E-07,Kcng3,KCNG3
ENSMUSG00000021313,5088.492151,-0.586113789,0.098923305,-5.924931325,3.12E-09,1.72E-06,Ryr2,RYR2
ENSMUSG00000025885,1141.987202,-0.892710359,0.150945611,-5.914119352,3.34E-09,1.78E-06,Myo5b,MYO5B
ENSMUSG00000037138,831.4485929,-0.580622,0.100392128,-5.783541138,7.31E-09,3.77E-06,Aff3,AFF3
ENSMUSG00000059742,1996.209655,-0.857348313,0.148775654,-5.762692287,8.28E-09,4.14E-06,Kcnh7,KCNH7
ENSMUSG00000047415,112.1883911,-0.956929332,0.166547382,-5.74568822,9.15E-09,4.44E-06,Gpr68,GPR68
ENSMUSG00000030782,86.02707142,1.099667233,0.193036142,5.696690886,1.22E-08,5.74E-06,Tgfb1i1,TGFB1I1
ENSMUSG00000010803,5906.708565,-0.416087875,0.073437169,-5.665902981,1.46E-08,6.68E-06,Gabra1,GABRA1
ENSMUSG00000032036,453.6763568,0.702636171,0.12469646,5.634772406,1.75E-08,7.74E-06,Kirrel3,KIRREL3
ENSMUSG00000063434,690.7563099,-0.605167823,0.107468787,-5.631103147,1.79E-08,7.74E-06,Sorcs3,SORCS3
ENSMUSG00000033717,168.8804171,1.27839224,0.227233937,5.625886076,1.85E-08,7.76E-06,Adra2a,ADRA2A
ENSMUSG00000100166,18.05628048,-4.687055703,0.84049659,-5.576531489,2.45E-08,1.01E-05,B230110G15Rik,0
ENSMUSG00000030067,1986.78832,-1.080732463,0.195075413,-5.540075238,3.02E-08,1.18E-05,Foxp1,FOXP1
ENSMUSG00000075590,1410.448181,0.391109276,0.07059882,5.539884073,3.03E-08,1.18E-05,Nrbp2,NRBP2
ENSMUSG00000030352,201.8326821,0.895383118,0.161760323,5.535245601,3.11E-08,1.18E-05,Tspan9,TSPAN9
ENSMUSG00000003746,1728.718876,-0.642025027,0.116085554,-5.530619465,3.19E-08,1.19E-05,Man1a,MAN1A1
ENSMUSG00000063600,70.44816736,-1.76180904,0.322578759,-5.461639961,4.72E-08,1.64E-05,Egfem1,0
ENSMUSG00000005087,132.5132185,1.386676492,0.253857453,5.462421828,4.70E-08,1.64E-05,Cd44,CD44
ENSMUSG00000032502,18.20502527,-2.558621265,0.46782445,-5.469190985,4.52E-08,1.64E-05,Stac,STAC
ENSMUSG00000024769,62.38385359,3.191983627,0.587168711,5.436229085,5.44E-08,1.85E-05,Cdc42bpg,CDC42BPG
ENSMUSG00000053279,625.1454673,-1.025817786,0.189443527,-5.414900177,6.13E-08,2.01E-05,Aldh1a1,ALDH1A1
ENSMUSG00000042514,67.13011624,1.603002719,0.296084945,5.413996041,6.16E-08,2.01E-05,Klhl14,KLHL14
ENSMUSG00000040105,837.377086,-0.492856661,0.091615971,-5.379593266,7.47E-08,2.39E-05,Plpp6,PLPP6
ENSMUSG00000030499,56.81294024,-3.551869138,0.66442417,-5.345785567,9.00E-08,2.78E-05,Kctd15,KCTD15
ENSMUSG00000028833,3265.282534,-0.496686818,0.092926621,-5.344935713,9.04E-08,2.78E-05,Ncdn,NCDN
ENSMUSG00000046159,346.8993002,-1.082928325,0.204461803,-5.29648232,1.18E-07,3.56E-05,Chrm3,CHRM3
ENSMUSG00000040536,4701.047884,0.968245859,0.184747592,5.240911925,1.60E-07,4.73E-05,Necab1,NECAB1
ENSMUSG00000028020,3000.796582,-0.331037132,0.06356826,-5.207585193,1.91E-07,5.56E-05,Glrb,GLRB
ENSMUSG00000033491,138.7264999,-0.979053282,0.188243992,-5.200980245,1.98E-07,5.66E-05,Prss35,PRSS35
ENSMUSG00000047139,504.8480469,1.026810032,0.200050366,5.132757578,2.86E-07,8.01E-05,Cd24a,CD24
ENSMUSG00000090272,318.9766657,0.671090051,0.131186576,5.115539025,3.13E-07,8.62E-05,Mndal,MNDA
ENSMUSG00000066113,166.8012674,1.591434249,0.311570524,5.107781791,3.26E-07,8.65E-05,Adamtsl1,ADAMTSL1
ENSMUSG00000032564,2106.093286,-0.55139867,0.108004461,-5.105332383,3.30E-07,8.65E-05,Cpne4,CPNE4
ENSMUSG00000051359,5152.525746,-0.534601672,0.10458689,-5.111555288,3.20E-07,8.65E-05,Ncald,NCALD
ENSMUSG00000073418,214.0501184,0.932224245,0.182878408,5.097508533,3.44E-07,8.80E-05,C4b,C4A
ENSMUSG00000032262,1547.42697,-0.45106481,0.088510693,-5.096161771,3.47E-07,8.80E-05,Elovl4,ELOVL4
ENSMUSG00000027254,14426.6326,-0.288352244,0.05690612,-5.067157016,4.04E-07,0.000100868,Map1a,MAP1A
ENSMUSG00000028028,140.9977493,-1.227318017,0.243782405,-5.034481546,4.79E-07,0.000117847,Alpk1,ALPK1
ENSMUSG00000032479,10357.96862,-0.344629734,0.06855297,-5.027203511,4.98E-07,0.000120553,Map4,MAP4
ENSMUSG00000060882,2564.365296,-0.568823077,0.113303801,-5.020335361,5.16E-07,0.000121269,Kcnd2,KCND2
ENSMUSG00000030605,376.6691746,0.682710468,0.135963392,5.021281506,5.13E-07,0.000121269,Mfge8,MFGE8
ENSMUSG00000038602,1693.41615,0.557986913,0.112081063,4.978422761,6.41E-07,0.000148527,Slc35f1,SLC35F1
ENSMUSG00000074971,86.26100064,1.583635457,0.321226846,4.929959869,8.22E-07,0.000187839,Fibin,FIBIN
ENSMUSG00000020380,589.4693722,0.610374679,0.124289186,4.910923442,9.06E-07,0.000201752,Rad50,RAD50
ENSMUSG00000049907,192.5412865,-0.766962478,0.156189499,-4.910461235,9.09E-07,0.000201752,Rasl11b,RASL11B
ENSMUSG00000041439,1446.883355,-0.328675763,0.067164186,-4.893616405,9.90E-07,0.000216809,Mfsd6,MFSD6
ENSMUSG00000029189,437.8696896,-0.542606101,0.111161662,-4.881234135,1.05E-06,0.000227759,Sel1l3,SEL1L3
ENSMUSG00000003948,6272.343474,-0.506757795,0.103936177,-4.875663222,1.08E-06,0.000231158,Mmd,MMD
ENSMUSG00000033350,2508.309501,-0.432881474,0.08910659,-4.858018597,1.19E-06,0.00024754,Chst2,CHST2
ENSMUSG00000054074,219.2967883,-0.818890336,0.168602794,-4.856920304,1.19E-06,0.00024754,Skida1,SKIDA1
ENSMUSG00000023169,2730.007464,-0.317768982,0.06557907,-4.845585401,1.26E-06,0.000255761,Slc38a1,SLC38A1
ENSMUSG00000049577,76.30316148,-1.501813599,0.309949078,-4.845355924,1.26E-06,0.000255761,Zfpm1,ZFPM1
ENSMUSG00000020439,59.77425345,1.98308029,0.410021377,4.836529018,1.32E-06,0.000264037,Smtn,SMTN
ENSMUSG00000027350,6288.669127,-0.539471014,0.111735848,-4.828092544,1.38E-06,0.000272069,Chgb,CHGB
ENSMUSG00000028266,2527.701668,0.451190308,0.093821728,4.809017234,1.52E-06,0.000292146,Lmo4,LMO4
ENSMUSG00000002997,1229.713999,0.490362012,0.10196119,4.809300598,1.51E-06,0.000292146,Prkar2b,PRKAR2B
ENSMUSG00000071753,11227.46696,-0.51205376,0.107317364,-4.771397091,1.83E-06,0.000344921,Cdr1os,0
ENSMUSG00000027931,56.28994611,1.65047849,0.345945697,4.770917813,1.83E-06,0.000344921,Npr1,NPR1
ENSMUSG00000079110,78.58982208,-2.060710907,0.43303001,-4.758817776,1.95E-06,0.000361994,Capn3,CAPN3
ENSMUSG00000042298,1299.295402,-0.387085779,0.082211247,-4.708428514,2.50E-06,0.000458724,Ttc19,TTC19
ENSMUSG00000028601,59.37844993,1.281624772,0.272654557,4.700544105,2.59E-06,0.000471379,Echdc2,ECHDC2
ENSMUSG00000028785,5901.479834,-0.679768267,0.144783584,-4.695064511,2.67E-06,0.000475792,Hpca,HPCA
ENSMUSG00000040037,6029.821486,0.639470558,0.136230075,4.694048333,2.68E-06,0.000475792,Negr1,NEGR1
ENSMUSG00000042156,1644.212919,-0.416760242,0.088897836,-4.688080841,2.76E-06,0.000484492,Dzip1,DZIP1
ENSMUSG00000021701,1883.828924,-0.560963371,0.119803281,-4.682370691,2.84E-06,0.000492775,Plk2,PLK2
ENSMUSG00000033389,720.9649492,-0.409161172,0.087721481,-4.664321309,3.10E-06,0.000532276,Arhgap44,ARHGAP44
ENSMUSG00000029174,401.6490191,-0.707727716,0.153277071,-4.617309761,3.89E-06,0.000661159,Tbc1d1,TBC1D1
ENSMUSG00000104586,87.33301729,-2.068354907,0.449218674,-4.604338663,4.14E-06,0.000696324,4921539H07Rik,0
ENSMUSG00000075302,20.03599908,2.154639422,0.468261755,4.601356824,4.20E-06,0.000699011,Erich2,ERICH2
ENSMUSG00000022519,103.7564667,-1.141633166,0.250930739,-4.54959472,5.37E-06,0.000885867,Srl,SRL
ENSMUSG00000061576,3534.58743,-0.345809574,0.076120994,-4.542893552,5.55E-06,0.000905179,Dpp6,DPP6
ENSMUSG00000050587,2416.756067,-0.468165324,0.103258244,-4.533926829,5.79E-06,0.000921249,Lrrc4c,LRRC4C
ENSMUSG00000059857,440.5384997,-0.881672421,0.194379647,-4.53582684,5.74E-06,0.000921249,Ntng1,NTNG1
ENSMUSG00000048070,21.66142265,-2.085225541,0.460028206,-4.532821064,5.82E-06,0.000921249,Pirt,PIRT
ENSMUSG00000043668,233.4520931,0.923839522,0.204567448,4.516063189,6.30E-06,0.00098743,Tox3,TOX3
ENSMUSG00000021803,109.8974768,0.821452803,0.182036519,4.51257148,6.40E-06,0.000994086,Cdhr1,CDHR1
ENSMUSG00000025089,713.6875198,0.427656415,0.095209808,4.491726469,7.06E-06,0.001086011,Gfra1,GFRA1
ENSMUSG00000049892,205.9401078,-1.274544887,0.284157819,-4.485341604,7.28E-06,0.00110839,Rasd1,RASD1
ENSMUSG00000032290,432.3598731,-0.530261047,0.118291388,-4.482668231,7.37E-06,0.001111783,Ptpn9,PTPN9
ENSMUSG00000040183,625.7892931,0.543761395,0.121996838,4.457176134,8.30E-06,0.001240806,Ankrd6,ANKRD6
ENSMUSG00000000631,1010.471778,-0.501527919,0.112657983,-4.45177435,8.52E-06,0.001260658,Myo18a,MYO18A
ENSMUSG00000019785,549.9344637,-0.693690319,0.155903014,-4.449499076,8.61E-06,0.001262398,Clvs2,CLVS2
ENSMUSG00000027577,156.0147671,0.986232045,0.222379185,4.434911672,9.21E-06,0.001327467,Chrna4,CHRNA4
ENSMUSG00000026604,304.1967798,0.812873964,0.183295366,4.434776407,9.22E-06,0.001327467,Ptpn14,PTPN14
ENSMUSG00000039497,114.4207473,-2.066827738,0.468447054,-4.412083974,1.02E-05,0.001448456,Dse,DSE
ENSMUSG00000021027,3459.705035,-0.413046173,0.093586952,-4.413501701,1.02E-05,0.001448456,Ralgapa1,RALGAPA1
ENSMUSG00000039985,143.9163432,-0.909587311,0.20633813,-4.408236663,1.04E-05,0.001461487,Sinhcaf,SINHCAF
ENSMUSG00000046442,10511.05271,-0.577008192,0.131038486,-4.403349045,1.07E-05,0.001481821,Ppm1e,PPM1E
ENSMUSG00000026354,206.1488975,-1.242030727,0.282501917,-4.396539111,1.10E-05,0.001509236,Lct,LCT
ENSMUSG00000031558,1267.360494,-0.586175306,0.133354145,-4.395628678,1.10E-05,0.001509236,Slit2,SLIT2
ENSMUSG00000030102,5085.016385,-0.622887453,0.1419263,-4.388809201,1.14E-05,0.001544141,Itpr1,ITPR1
ENSMUSG00000002799,155.6419258,1.181589426,0.270215012,4.372774908,1.23E-05,0.001648101,Jag2,JAG2
ENSMUSG00000032012,650.0833388,0.923787703,0.211505432,4.36767838,1.26E-05,0.001672963,Nectin1,NECTIN1
ENSMUSG00000057897,8686.675723,-0.386800164,0.089082258,-4.342056144,1.41E-05,0.001865002,Camk2b,CAMK2B
ENSMUSG00000034765,116.5952668,-1.040968473,0.239982363,-4.337687394,1.44E-05,0.001886856,Dusp5,DUSP5
ENSMUSG00000032487,552.6368711,-0.768130847,0.177438831,-4.328989555,1.50E-05,0.00194697,Ptgs2,PTGS2
ENSMUSG00000049690,148.0114459,0.716869353,0.165995491,4.318607389,1.57E-05,0.00201035,Nckap5,NCKAP5
ENSMUSG00000017843,3037.965377,-0.317121937,0.073435576,-4.318369276,1.57E-05,0.00201035,Ppp2r5c,PPP2R5C
ENSMUSG00000097789,1807.841305,-0.951018176,0.220429653,-4.314384027,1.60E-05,0.002030711,Gm2115,CTXND1
ENSMUSG00000071317,195.5258086,0.857326656,0.200254443,4.281186697,1.86E-05,0.002340136,Bves,BVES
ENSMUSG00000036862,108.3089139,-1.008691774,0.23599394,-4.274227431,1.92E-05,0.002395567,Dchs1,DCHS1
ENSMUSG00000032373,1197.828664,0.571380885,0.134228878,4.256765694,2.07E-05,0.002550609,Car12,CA12
ENSMUSG00000001334,676.1755341,-0.511977729,0.120263264,-4.257141461,2.07E-05,0.002550609,Fndc5,FNDC5
ENSMUSG00000019880,242.6668388,1.014081686,0.239129791,4.240716652,2.23E-05,0.002719099,Rspo3,RSPO3
ENSMUSG00000029178,1169.305087,-0.684633446,0.161585957,-4.23696129,2.27E-05,0.002744013,Klf3,KLF3
ENSMUSG00000023030,326.1055562,0.750511631,0.178432104,4.20614685,2.60E-05,0.003122411,Slc11a2,SLC11A2
ENSMUSG00000047259,52.7507095,-1.337660787,0.318561342,-4.199068154,2.68E-05,0.003173901,Mc4r,MC4R
ENSMUSG00000059991,109.81468,-0.693496802,0.165093812,-4.200622615,2.66E-05,0.003173901,Nptx2,NPTX2
ENSMUSG00000024479,3497.246737,-0.325150808,0.077581544,-4.191084535,2.78E-05,0.003263513,Mal2,MAL2
ENSMUSG00000028351,2403.880898,-0.434791104,0.103953112,-4.182569405,2.88E-05,0.003339116,Brinp1,BRINP1
ENSMUSG00000029432,845.0139514,1.206654873,0.288473113,4.182902385,2.88E-05,0.003339116,Nipsnap2,NIPSNAP2
ENSMUSG00000074521,75.06572529,-0.943060318,0.225755167,-4.177358724,2.95E-05,0.003391932,Gm14327,0
ENSMUSG00000050321,7047.90269,-0.566220247,0.13568142,-4.173159785,3.00E-05,0.003415119,Neto1,NETO1
ENSMUSG00000033933,495.2554194,0.503642471,0.120703599,4.172555554,3.01E-05,0.003415119,Vhl,VHL
ENSMUSG00000044647,2377.117152,-0.337660346,0.080966068,-4.170393283,3.04E-05,0.003423407,Csrnp3,CSRNP3
ENSMUSG00000091345,67.46048014,1.636568297,0.393568671,4.158278891,3.21E-05,0.003559932,Col6a5,COL6A5
ENSMUSG00000045095,1785.087923,0.349520432,0.084033912,4.159278355,3.19E-05,0.003559932,Magi1,MAGI1
ENSMUSG00000053414,250.4930208,-0.671930394,0.162220518,-4.142080191,3.44E-05,0.003794652,Hunk,HUNK
ENSMUSG00000036242,575.6303871,-0.440541644,0.106405358,-4.140220494,3.47E-05,0.003799345,Armh4,ARMH4
ENSMUSG00000022382,146.1327168,0.659373199,0.160159033,4.116990379,3.84E-05,0.004174587,Wnt7b,WNT7B
ENSMUSG00000025555,629.4525091,0.576838296,0.141405493,4.079320271,4.52E-05,0.004879014,Farp1,FARP1
ENSMUSG00000086040,6111.869232,-0.78264102,0.192003641,-4.076178017,4.58E-05,0.004912191,Wipf3,WIPF3
ENSMUSG00000107677,18.25700303,1.763985688,0.433012181,4.073755351,4.63E-05,0.004930506,Olfr316,OR2AK2
ENSMUSG00000054263,1625.575422,-0.454054727,0.111759021,-4.062801592,4.85E-05,0.005133546,Lifr,LIFR
ENSMUSG00000058656,1823.998483,-0.365222019,0.090053952,-4.055591247,5.00E-05,0.005258424,Samd12,SAMD12
ENSMUSG00000021217,208.9878812,0.818297995,0.20184383,4.054114483,5.03E-05,0.005258424,Tshz3,TSHZ3
ENSMUSG00000027966,318.0861087,-0.809701306,0.199973747,-4.04903802,5.14E-05,0.005338889,Col11a1,COL11A1
ENSMUSG00000097881,36.47056875,1.230139147,0.304276033,4.042839443,5.28E-05,0.005411782,Celrr,0
ENSMUSG00000026721,6940.957981,-0.522315703,0.129150507,-4.044240432,5.25E-05,0.005411782,Rabgap1l,RABGAP1L
ENSMUSG00000027495,329.9564487,-0.544508501,0.134736337,-4.041289173,5.32E-05,0.00541299,Fam210b,FAM210B
ENSMUSG00000062908,453.8055504,0.500233631,0.124134963,4.029756146,5.58E-05,0.005649557,Acadm,ACADM
ENSMUSG00000026322,203.1640953,-0.700050701,0.174057383,-4.021953507,5.77E-05,0.005767056,Htr4,HTR4
ENSMUSG00000056258,6815.002311,-0.479068614,0.119109132,-4.022098103,5.77E-05,0.005767056,Kcnq3,KCNQ3
ENSMUSG00000055078,3158.441537,-0.512757117,0.127613007,-4.018063117,5.87E-05,0.005826664,Gabra5,GABRA5
ENSMUSG00000020953,163.3329335,0.959350929,0.240017478,3.997004452,6.41E-05,0.006330565,Coch,COCH
ENSMUSG00000000223,854.4835726,-0.655722836,0.164272396,-3.991679987,6.56E-05,0.006407657,Drp2,DRP2
ENSMUSG00000042249,1972.140573,0.459268672,0.115069499,3.991228575,6.57E-05,0.006407657,Grk3,GRK3
ENSMUSG00000021866,223.5948091,-0.557623085,0.139856524,-3.98710814,6.69E-05,0.006444254,Anxa11,ANXA11
ENSMUSG00000026839,285.549429,1.135493722,0.284798896,3.987001843,6.69E-05,0.006444254,Upp2,UPP2
ENSMUSG00000006800,940.5956349,-0.372922978,0.093708012,-3.979627473,6.90E-05,0.006607642,Sulf2,SULF2
ENSMUSG00000111971,66.9284938,1.651536174,0.415168506,3.977990016,6.95E-05,0.006613697,Gm48678,0
ENSMUSG00000105703,7950.04705,-0.391989991,0.098716067,-3.970883404,7.16E-05,0.006733971,Gm43305,0
ENSMUSG00000066406,1626.960936,-0.707860555,0.178251996,-3.971122736,7.15E-05,0.006733971,Akap13,AKAP13
ENSMUSG00000042810,444.9957075,0.702696072,0.177078595,3.968272224,7.24E-05,0.006768354,Krba1,KRBA1
ENSMUSG00000022797,1869.681712,-0.352820823,0.089036289,-3.962663182,7.41E-05,0.006889125,Tfrc,TFRC
ENSMUSG00000004110,12952.03334,-0.381054185,0.096491234,-3.949106777,7.84E-05,0.007248982,Cacna1e,CACNA1E
ENSMUSG00000059244,2446.552925,-0.466921898,0.118623251,-3.93617519,8.28E-05,0.007606738,Gm10062,0
ENSMUSG00000046532,1002.889751,-0.596922651,0.151761793,-3.933286764,8.38E-05,0.007633698,Ar,AR
ENSMUSG00000026072,238.7473219,-0.862892448,0.219421455,-3.932580104,8.40E-05,0.007633698,Il1r1,IL1R1
ENSMUSG00000085039,27.90026656,3.18934061,0.811358287,3.930865886,8.46E-05,0.0076449,Gm15927,0
ENSMUSG00000026786,167.2434449,0.675510209,0.172448262,3.917176088,8.96E-05,0.008046698,Apbb1ip,APBB1IP
ENSMUSG00000002808,726.6228277,-0.488275759,0.124857397,-3.910667467,9.20E-05,0.008195572,Epdr1,EPDR1
ENSMUSG00000034810,188.7544065,0.880741766,0.225250488,3.910054864,9.23E-05,0.008195572,Scn7a,SCN7A
ENSMUSG00000046709,4777.05192,-0.457181919,0.117179478,-3.901552798,9.56E-05,0.008412482,Mapk10,MAPK10
ENSMUSG00000025889,2224.648752,0.389786641,0.099917966,3.901066594,9.58E-05,0.008412482,Snca,SNCA
ENSMUSG00000107272,48.26629568,-1.232418969,0.316533001,-3.893492822,9.88E-05,0.008632205,Gm34583,0
ENSMUSG00000027419,2557.526129,-0.507143879,0.130445039,-3.887797368,0.000101158,0.008789202,Pcsk2,PCSK2
ENSMUSG00000072893,92.52087986,0.694902513,0.179316861,3.875277027,0.000106503,0.009203626,4933439C10Rik,0
ENSMUSG00000090667,16.82047114,3.28788489,0.849019907,3.872565134,0.000107696,0.009256635,Gm765,MDFIC2
ENSMUSG00000020251,121.1634209,-1.072406537,0.277143114,-3.86950454,0.000109057,0.009273884,Glt8d2,GLT8D2
ENSMUSG00000031928,214.0732575,0.787714077,0.203510475,3.870631601,0.000108554,0.009273884,Mre11a,MRE11
ENSMUSG00000069072,3692.317502,-0.356002949,0.092243255,-3.859392764,0.000113669,0.009614964,Slc7a14,SLC7A14
ENSMUSG00000057110,403.1522348,0.430240095,0.111650978,3.853437768,0.000116471,0.009793393,Cntrl,CNTRL
ENSMUSG00000045268,39.26272569,-2.599305922,0.674737694,-3.852320604,0.000117004,0.009793393,Zfp691,ZNF691
ENSMUSG00000000555,18.95610729,2.486112002,0.645800689,3.849658332,0.000118283,0.009834559,Itga5,ITGA5
ENSMUSG00000030774,4513.544819,-0.310996532,0.080804717,-3.848742278,0.000118726,0.009834559,Pak1,PAK1
ENSMUSG00000041180,1106.557811,-0.602771253,0.156680069,-3.847146976,0.000119501,0.009847768,Hectd2,HECTD2
ENSMUSG00000032332,214.0274572,0.768799827,0.20016862,3.840760987,0.000122653,0.010055699,Col12a1,COL12A1
ENSMUSG00000110924,20.19049479,1.789685909,0.468551312,3.819615616,0.00013366,0.010839011,Gm40518,0
ENSMUSG00000020577,3246.708948,-0.345472214,0.090470347,-3.818623736,0.000134198,0.010839011,Tspan13,TSPAN13
ENSMUSG00000024298,3595.715259,-0.373705123,0.097865877,-3.818543651,0.000134242,0.010839011,Zfp871,ZNF433
ENSMUSG00000052430,626.5931685,0.466548583,0.122358639,3.812959884,0.000137312,0.011031223,Bmpr1b,BMPR1B
ENSMUSG00000038406,562.1296167,1.206270501,0.317127364,3.80374145,0.000142527,0.011392891,Scaf1,SCAF1
ENSMUSG00000033965,957.541086,0.418762419,0.110229263,3.799013147,0.000145273,0.011554655,Slc16a2,SLC16A2
ENSMUSG00000055540,905.917803,-0.691139038,0.18226725,-3.791899191,0.0001495,0.011831931,Epha6,EPHA6
ENSMUSG00000062202,729.8205393,-0.521081005,0.137797366,-3.781501937,0.000155885,0.01227652,Btbd9,BTBD9
ENSMUSG00000040407,3008.557871,0.328176649,0.086932287,3.775083582,0.000159954,0.012440102,Akap9,AKAP9
ENSMUSG00000025533,57.95648466,1.750043295,0.463603561,3.774870262,0.000160091,0.012440102,Asl,ASL
ENSMUSG00000047230,170.9863731,0.917885902,0.243177552,3.774550306,0.000160297,0.012440102,Cldn2,CLDN2
ENSMUSG00000085396,1317.30462,0.333537343,0.088454284,3.770731377,0.00016277,0.012510581,Firre,0
ENSMUSG00000030314,165.0231401,0.581558001,0.154212789,3.77113991,0.000162504,0.012510581,Atg7,ATG7
ENSMUSG00000042246,216.8603288,-0.530516031,0.140776308,-3.768503655,0.000164229,0.012562346,Tmc7,TMC7
ENSMUSG00000062098,3433.524177,-0.428178414,0.113922093,-3.758519553,0.000170922,0.013012024,Btbd3,BTBD3
ENSMUSG00000061882,146.279987,1.070333846,0.284942056,3.756321058,0.000172429,0.013064596,Ccdc62,CCDC62
ENSMUSG00000013698,4214.136625,0.303385885,0.080799262,3.75481009,0.000173473,0.013081661,Pea15a,PEA15
ENSMUSG00000019370,7473.319205,-0.267178301,0.071185049,-3.75329236,0.000174527,0.013099365,Calm3,CALM3
ENSMUSG00000021983,1332.026208,0.31807694,0.084772918,3.752105585,0.000175356,0.013100045,Atp8a2,ATP8A2
ENSMUSG00000064329,2987.251517,-0.309744233,0.082862013,-3.738072756,0.000185436,0.013788698,Scn1a,SCN1A
ENSMUSG00000026841,284.7974968,-0.886937789,0.238023188,-3.726266323,0.000194337,0.014383642,Fibcd1,FIBCD1
ENSMUSG00000000794,606.3457194,0.328688547,0.088290539,3.722805981,0.000197021,0.014515085,Kcnn3,KCNN3
ENSMUSG00000060780,767.1811146,-0.424986998,0.114300807,-3.718145219,0.000200691,0.014708144,Lrrtm1,LRRTM1
ENSMUSG00000045817,394.0865237,0.424648583,0.114240314,3.717151758,0.000201481,0.014708144,Zfp36l2,ZFP36L2
ENSMUSG00000041468,259.0653921,-0.515555838,0.138947185,-3.710444653,0.000206896,0.014966691,Gpr12,GPR12
ENSMUSG00000042105,2120.160059,-0.306172525,0.082496877,-3.711322609,0.000206179,0.014966691,Inpp5f,INPP5F
ENSMUSG00000091264,3658.392782,-0.286378574,0.077289657,-3.70526387,0.000211171,0.01520715,Smim13,SMIM13
ENSMUSG00000031133,533.1942737,0.633314836,0.171190672,3.699470477,0.00021605,0.015457951,Arhgef6,ARHGEF6
ENSMUSG00000021236,463.9461573,-0.398414564,0.107734802,-3.698104577,0.000217215,0.015457951,Entpd5,ENTPD5
ENSMUSG00000050663,824.6047744,-0.700850667,0.189536465,-3.697708869,0.000217554,0.015457951,Trhde,TRHDE
ENSMUSG00000085438,13335.54157,-0.38757012,0.104858012,-3.696142189,0.0002189,0.015484782,Oip5os1,0
ENSMUSG00000031983,416.7217029,0.419351215,0.113532984,3.693650952,0.000221057,0.015568464,2310022B05Rik,C1orf198
ENSMUSG00000004031,638.2136111,-0.457315953,0.123968802,-3.688960021,0.000225173,0.015788747,Brinp2,BRINP2
ENSMUSG00000066621,799.388778,-0.336019282,0.091171607,-3.685569359,0.000228192,0.015930586,Tecpr1,TECPR1
ENSMUSG00000016487,734.1594965,0.395712455,0.107468887,3.682111771,0.00023131,0.016078053,Ppfibp1,PPFIBP1
ENSMUSG00000027273,34854.05988,-0.24368008,0.0662279,-3.67941728,0.000233767,0.016178532,Snap25,SNAP25
ENSMUSG00000036972,63.4875032,1.568956631,0.428116359,3.664790187,0.000247541,0.017057952,Zic4,ZIC4
ENSMUSG00000048279,3100.929361,-0.467352365,0.128048329,-3.649812281,0.000262432,0.018006441,Sacs,SACS
ENSMUSG00000036510,1027.532407,-0.444075427,0.121711324,-3.648595798,0.000263678,0.018014588,Cdh8,CDH8
ENSMUSG00000040016,56.24767198,0.929249506,0.254935639,3.645035695,0.000267355,0.018188083,Ptger3,PTGER3
ENSMUSG00000007653,1502.555174,-0.273470957,0.075100794,-3.641385708,0.000271175,0.018369775,Gabrb2,GABRB2
ENSMUSG00000067879,3290.140059,-0.477294427,0.131353672,-3.633658794,0.00027943,0.018849168,Vxn,VXN
ENSMUSG00000068184,140.57407,-0.870011183,0.2398886,-3.626730009,0.000287033,0.019040659,Ndufaf2,NDUFAF2
ENSMUSG00000034751,1087.075165,-0.509333917,0.140334909,-3.629417078,0.000284062,0.019040659,Mast4,MAST4
ENSMUSG00000021687,2894.72762,-0.281958699,0.077735055,-3.627175667,0.000286538,0.019040659,Scamp1,SCAMP1
ENSMUSG00000047712,811.8045917,-0.523489514,0.144341639,-3.626739428,0.000287023,0.019040659,Ust,UST
ENSMUSG00000102649,884.4370078,-0.506350645,0.140107035,-3.614027269,0.000301477,0.019916191,Gm38021,0
ENSMUSG00000019943,29585.83911,-0.498886629,0.138137623,-3.611518832,0.000304409,0.020027104,Atp2b1,ATP2B1
ENSMUSG00000029168,226.2121929,0.60151433,0.166640008,3.609663359,0.000306595,0.020088232,Dpysl5,DPYSL5
ENSMUSG00000032300,78.11955351,-0.79981732,0.222115555,-3.600906377,0.00031711,0.020692383,1700017B05Rik,C15orf39
ENSMUSG00000032244,2771.683862,-0.297634771,0.082853768,-3.592290089,0.000327785,0.021302006,Fem1b,FEM1B
ENSMUSG00000048978,2862.158646,-0.303433575,0.084582091,-3.587444696,0.000333935,0.02148265,Nrsn1,NRSN1
ENSMUSG00000040254,396.7138291,0.736136475,0.205211629,3.587206438,0.00033424,0.02148265,Sema3d,SEMA3D
ENSMUSG00000091002,250.7922022,0.874303839,0.243747195,3.586928828,0.000334596,0.02148265,Tcerg1l,TCERG1L
ENSMUSG00000022237,849.8179224,-0.463860253,0.129400702,-3.584681108,0.00033749,0.02158183,Ankrd33b,ANKRD33B
ENSMUSG00000024330,155.7627174,-0.680450183,0.189957593,-3.582116261,0.000340822,0.021708056,Col11a2,COL11A2
ENSMUSG00000074736,111.1349108,-0.759914443,0.212210623,-3.580944405,0.000342355,0.021719133,Syndig1,SYNDIG1
ENSMUSG00000031530,104.9703188,-0.630924554,0.176401307,-3.576643305,0.000348035,0.021905624,Dusp4,DUSP4
ENSMUSG00000019966,1019.493037,0.400852105,0.112046566,3.577549235,0.000346831,0.021905624,Kitl,KITLG
ENSMUSG00000038172,1483.513079,-0.396621667,0.110941952,-3.575037745,0.000350177,0.021954061,Ttc39b,TTC39B
ENSMUSG00000006304,4394.952525,-0.403925725,0.113058627,-3.572710335,0.000353306,0.022063653,Arpc2,ARPC2
ENSMUSG00000007594,733.2070058,-0.389145351,0.108982814,-3.570703838,0.000356023,0.022146864,Hapln4,HAPLN4
ENSMUSG00000078868,195.5118209,-0.605602801,0.170028219,-3.561778188,0.000368352,0.02263379,Gm14412,0
ENSMUSG00000044835,845.5743418,-0.487664575,0.13689422,-3.562345981,0.000367556,0.02263379,Ankrd45,AL139142.2
ENSMUSG00000042425,385.4917139,0.727822131,0.204234604,3.563657262,0.000365723,0.02263379,Frmpd3,FRMPD3
ENSMUSG00000074637,561.2315644,0.443517176,0.124550202,3.560951077,0.000369514,0.02263379,Sox2,SOX2
ENSMUSG00000030451,4917.440882,-0.297773893,0.08365331,-3.559618778,0.000371394,0.022662093,Herc2,HERC2
ENSMUSG00000034731,5709.690981,-0.52905352,0.148679834,-3.558340809,0.000373205,0.022686031,Dgkh,DGKH
ENSMUSG00000029330,554.6137929,-0.42382054,0.119503301,-3.546517442,0.000390359,0.023638893,Cds1,CDS1
ENSMUSG00000025289,80.04233897,0.720011742,0.203541672,3.537416856,0.000404061,0.024376337,Prdx4,PRDX4
ENSMUSG00000001761,123.2776932,0.60188724,0.170298228,3.534312987,0.000408837,0.024479668,Smo,SMO
ENSMUSG00000038305,261.9526418,0.609972339,0.172578049,3.534472339,0.00040859,0.024479668,Spats2l,SPATS2L
ENSMUSG00000024074,2575.199731,-0.447243067,0.126639577,-3.531621603,0.00041302,0.024637871,Crim1,CRIM1
ENSMUSG00000113921,303.6594643,-0.489709023,0.13882014,-3.52765113,0.000419264,0.024774713,Gm48054,0
ENSMUSG00000045589,7818.043007,-0.401098891,0.113682805,-3.528228312,0.000418351,0.024774713,Frrs1l,FRRS1L
ENSMUSG00000023915,981.81259,-0.359459054,0.101910296,-3.527210389,0.000419963,0.024774713,Tnfrsf21,TNFRSF21
ENSMUSG00000039145,4780.611519,-0.512861267,0.145553514,-3.523523769,0.000425849,0.02497981,Camk1d,CAMK1D
ENSMUSG00000033615,1780.805766,-0.327999707,0.093100305,-3.523078755,0.000426565,0.02497981,Cplx1,CPLX1
ENSMUSG00000048142,927.8027677,-0.350803486,0.099609365,-3.521792204,0.00042864,0.025009735,Nat8l,NAT8L
ENSMUSG00000021943,89.66288074,0.621559592,0.176637231,3.518848148,0.000433425,0.025196949,Gdf10,GDF10
ENSMUSG00000022324,575.2530598,-0.632784582,0.180404388,-3.507589757,0.000452186,0.02619237,Matn2,MATN2
ENSMUSG00000054027,2036.26626,-0.869890848,0.248514108,-3.500368064,0.000464616,0.026722131,Nt5dc3,NT5DC3
ENSMUSG00000031548,146.5957788,0.761483069,0.217545796,3.500334559,0.000464675,0.026722131,Sfrp1,SFRP1
ENSMUSG00000004151,4456.459582,0.614182625,0.175612666,3.497370888,0.000469868,0.026923947,Etv1,ETV1
ENSMUSG00000000326,20158.31293,-0.372960596,0.106813245,-3.491707373,0.000479944,0.027403074,Comt,COMT
ENSMUSG00000002017,728.6829005,-0.332445138,0.09531552,-3.487838493,0.000486942,0.027658747,Fam98a,FAM98A
ENSMUSG00000074575,328.3030053,0.758941803,0.217628769,3.487322961,0.000487882,0.027658747,Kcng1,KCNG1
ENSMUSG00000038119,288.9873367,0.485985897,0.13954411,3.482668643,0.000496442,0.028044611,Cdon,CDON
ENSMUSG00000067038,293.5047515,0.427697967,0.123105248,3.474246408,0.00051229,0.028837978,Rps12-ps3,0
ENSMUSG00000034040,1469.154306,-0.601067947,0.173426004,-3.465846723,0.000528565,0.029649687,Galnt17,GALNT17
ENSMUSG00000070348,627.0839873,-0.513604552,0.148585797,-3.456619432,0.000546997,0.030576354,Ccnd1,CCND1
ENSMUSG00000053930,2752.301131,-0.861662973,0.249438291,-3.454413388,0.000551491,0.030720181,Shisa6,SHISA6
ENSMUSG00000020152,6799.049118,-0.303510882,0.088156215,-3.442875601,0.000575564,0.031855348,Actr2,ACTR2
ENSMUSG00000047945,766.5601527,0.382191936,0.11101392,3.442738848,0.000575855,0.031855348,Marcksl1,MARCKSL1
ENSMUSG00000019997,164.9030309,0.803356792,0.233500054,3.440499381,0.000580642,0.031988673,Ccn2,CCN2
ENSMUSG00000031870,489.9921821,-0.47629659,0.138468661,-3.439742872,0.000582267,0.031988673,Pgr,PGR
ENSMUSG00000102275,1377.164739,-0.421146482,0.122685791,-3.432724172,0.00059755,0.032604186,Gm37144,0
ENSMUSG00000057278,66.80556021,0.745834566,0.217252968,3.433023596,0.00059689,0.032604186,Snrpg,SNRPG
ENSMUSG00000020590,2102.635266,-0.292659654,0.085305214,-3.430735838,0.000601946,0.032732375,Snx13,SNX13
ENSMUSG00000026904,5088.380239,0.416575124,0.121606549,3.425597792,0.000613448,0.033244726,Slc4a10,SLC4A10
ENSMUSG00000016624,54.43059389,-1.334197892,0.389692268,-3.423721745,0.000617698,0.033361971,Phf21b,PHF21B
ENSMUSG00000042082,1625.565017,-0.222988011,0.065206993,-3.419694731,0.000626914,0.033426408,Arsb,ARSB
ENSMUSG00000020936,1562.586966,-0.560005679,0.163766039,-3.41954707,0.000627255,0.033426408,Nmt1,NMT1
ENSMUSG00000021699,528.277199,-0.375378232,0.109718432,-3.421286893,0.000623255,0.033426408,Pde4d,PDE4D
ENSMUSG00000024410,300.5487773,0.509272282,0.148858507,3.421183606,0.000623492,0.033426408,Rmc1,RMC1
ENSMUSG00000029313,332.1584182,-0.475985464,0.139635606,-3.40876856,0.000652568,0.034659825,Aff1,AFF1
ENSMUSG00000105008,11008.81289,-0.379495187,0.111390406,-3.40689292,0.000657069,0.034783318,Gm43652,0
ENSMUSG00000031283,99.49518077,0.664707468,0.195258714,3.404239713,0.000663485,0.034924552,Chrdl1,CHRDL1
ENSMUSG00000027593,157.0739607,0.714517388,0.209906203,3.403984151,0.000664106,0.034924552,Raly,RALY
ENSMUSG00000038936,866.3862385,0.368603663,0.108325667,3.402736154,0.000667147,0.034969425,Sccpdh,SCCPDH
ENSMUSG00000056899,36.94234028,2.075587121,0.610632681,3.399076378,0.000676138,0.035209848,Immp2l,IMMP2L
ENSMUSG00000042359,1879.788494,-0.430257151,0.126570924,-3.399336417,0.000675496,0.035209848,Osbpl6,OSBPL6
ENSMUSG00000032913,664.1244179,-0.555440519,0.163471439,-3.397783256,0.000679342,0.03526183,Lrig2,LRIG2
ENSMUSG00000025001,148.9715301,0.538396589,0.158802033,3.390363337,0.000698,0.036001761,Hells,HELLS
ENSMUSG00000075040,60.33287784,-0.907218894,0.267590639,-3.390323732,0.000698101,0.036001761,Zfp408,ZNF408
ENSMUSG00000038932,25.59617253,1.423525494,0.420405243,3.386079304,0.000708989,0.036445678,Tcfl5,TCFL5
ENSMUSG00000052479,244.0629057,-0.492137812,0.145509858,-3.382161319,0.000719179,0.036851008,A330008L17Rik,0
ENSMUSG00000038175,280.9307612,-0.503405994,0.148933945,-3.38006218,0.000724694,0.037014978,Mylip,MYLIP
ENSMUSG00000027335,33.48478729,-1.05385568,0.312180523,-3.375789339,0.000736043,0.03713491,Adra1d,ADRA1D
ENSMUSG00000036356,402.9208182,0.420258073,0.124443223,3.377106946,0.000732526,0.03713491,Csgalnact1,CSGALNACT1
ENSMUSG00000014030,69.07156778,5.258044735,1.556793738,3.377483225,0.000731524,0.03713491,Pax5,PAX5
ENSMUSG00000037300,837.0642918,-0.692491292,0.205141241,-3.375680528,0.000736334,0.03713491,Ttc13,TTC13
ENSMUSG00000028222,3159.411427,0.356169448,0.105934858,3.362155342,0.000773366,0.038805995,Calb1,CALB1
ENSMUSG00000027165,400.5185566,-0.562241445,0.16724349,-3.361813629,0.000774324,0.038805995,B230118H07Rik,IFTAP
ENSMUSG00000061013,221.3468897,-0.657392216,0.195647084,-3.360092073,0.000779165,0.038926597,Mkx,MKX
ENSMUSG00000089736,35.49717085,1.695988887,0.505603444,3.354385553,0.000795414,0.039614615,Tgfbr3l,TGFBR3L
ENSMUSG00000019194,841.3926058,-0.385430877,0.11496237,-3.352669909,0.000800361,0.039653286,Scn1b,SCN1B
ENSMUSG00000045871,52.10889192,-1.05003968,0.313220603,-3.352396587,0.000801152,0.039653286,Slitrk6,SLITRK6
ENSMUSG00000040181,247.6482587,0.594072249,0.177412184,3.348542553,0.000812378,0.040084839,Fmo1,FMO1
ENSMUSG00000074415,2303.902684,0.340372099,0.101718991,3.346200119,0.000819272,0.040196008,Mir100hg,0
ENSMUSG00000037709,367.0271494,-0.530055324,0.15841135,-3.346069107,0.00081966,0.040196008,Fam13a,FAM13A
ENSMUSG00000036264,167.4032728,-0.704357119,0.210816703,-3.341087813,0.000834508,0.040428131,Fstl4,FSTL4
ENSMUSG00000039316,66.46839241,0.68819982,0.205838651,3.343394536,0.000827601,0.040428131,Rftn1,RFTN1
ENSMUSG00000037593,99.19511662,0.704792058,0.210848955,3.342639552,0.000829856,0.040428131,Rskr,RSKR
ENSMUSG00000046699,1662.707632,-0.455277942,0.13626128,-3.341212866,0.000834132,0.040428131,Slitrk4,SLITRK4
ENSMUSG00000074305,1777.147653,-0.450401939,0.135114298,-3.333488341,0.000857643,0.041423363,Peak1,PEAK1
ENSMUSG00000022978,85.84239117,-0.616526661,0.185016342,-3.332282196,0.000861369,0.041478014,Mis18a,MIS18A
ENSMUSG00000040354,223.637093,-0.502884614,0.151034234,-3.329606806,0.000869687,0.041752812,Mars1,MARS1
ENSMUSG00000056856,480.1188985,0.295640517,0.08887209,3.326584507,0.000879174,0.04208188,Jakmip3,JAKMIP3
ENSMUSG00000040125,2368.015702,-0.289120551,0.086962598,-3.324654027,0.000885283,0.042247827,Gpr26,GPR26
ENSMUSG00000016024,114.2572416,0.939519658,0.282985051,3.320032818,0.000900069,0.042825589,Lbp,LBP
ENSMUSG00000038976,7307.803731,-0.25442504,0.076680182,-3.318002546,0.000906637,0.043010086,Ppp1r9b,PPP1R9B
ENSMUSG00000056770,2258.853979,0.672609409,0.202803431,3.316558333,0.000911336,0.043105095,Setd3,SETD3
ENSMUSG00000047414,1590.960313,-0.36845933,0.111128707,-3.315608889,0.000914437,0.043124206,Flrt2,FLRT2
ENSMUSG00000027583,124.9009552,0.718451581,0.216746467,3.314709533,0.000917384,0.043135934,Zbtb46,ZBTB46
ENSMUSG00000022300,936.3883502,0.327483553,0.098937716,3.309997109,0.000932969,0.04374012,Dcaf13,DCAF13
ENSMUSG00000027474,24.63041213,1.678842597,0.507403458,3.308693646,0.000937323,0.043815758,Ccm2l,CCM2L
ENSMUSG00000022261,772.9067443,0.278793567,0.084353868,3.305047802,0.000949602,0.044260314,Sdc2,SDC2
ENSMUSG00000028617,155.2011727,0.680045681,0.20632843,3.295937839,0.000980937,0.045587914,Lrrc42,LRRC42
ENSMUSG00000111202,386.2420496,-0.598316179,0.182078335,-3.286037192,0.001016076,0.04697631,Gm48275,0
ENSMUSG00000026235,6345.102533,-0.438797033,0.133540702,-3.285867348,0.001016689,0.04697631,Epha4,EPHA4
ENSMUSG00000032802,452.9027038,-0.390560195,0.11899019,-3.282289022,0.00102968,0.047439467,Srxn1,SRXN1
ENSMUSG00000028613,2422.330345,0.480586523,0.146637787,3.277371622,0.001047784,0.04813482,Lrp8,LRP8
